Set_Name,Theme,Pieces,Price,Pages,Unique_Pieces,build_type
Creative Blue Bricks,Classic,52.0,4.99,37.0,28.0,other
Creative Green Bricks,Classic,60.0,4.99,37.0,36.0,other
Fire Truck,DUPLO,6.0,6.99,3.0,6.0,transport
Tow Truck,DUPLO,7.0,6.99,3.0,7.0,transport
Stephanie's Summer Heart Box,Friends,95.0,7.99,40.0,52.0,other
White Baseplate,Classic,1.0,7.99,1.0,1.0,other
My First Tow Truck,DUPLO,11.0,9.99,10.0,10.0,transport
Woody & RC,Disney,69.0,9.99,28.0,36.0,transport
Mia's Summer Heart Box,Friends,85.0,7.99,36.0,41.0,other
Olivia's Summer Heart Box,Friends,93.0,7.99,40.0,48.0,other
Police Patrol Car,City,92.0,9.99,36.0,52.0,transport
Prince Puppycorn Trike,Unikitty,101.0,9.99,56.0,65.0,other
Kai Avatar - Arcade Pod,NINJAGO,49.0,9.99,3.0,31.0,other
Jay Avatar - Arcade Pod,NINJAGO,47.0,9.99,3.0,28.0,other
My First Minnie Build,Disney,10.0,9.99,10.0,9.0,other
Police Bike,DUPLO,8.0,9.99,10.0,7.0,transport
Pizza Stand,DUPLO,18.0,9.99,12.0,15.0,other
Emma's Mobile Veterinary Clinic ,Friends,50.0,9.99,28.0,35.0,transport
Barbecue Burn Out,City,64.0,9.99,28.0,45.0,other
Monster Truck,City,55.0,9.99,32.0,34.0,transport
Jet Patrol,City,54.0,9.99,36.0,45.0,transport
Construction Loader,City,88.0,9.99,36.0,50.0,other
Stunt Team,City,62.0,9.99,36.0,34.0,other
Cole's Speeder Car,NINJAGO,52.0,9.99,36.0,32.0,transport
Ice Cream Cart,Friends,97.0,9.99,40.0,60.0,transport
Puppy Playground,Friends,57.0,9.99,40.0,41.0,other
Police Dog Unit,City,67.0,9.99,40.0,48.0,other
Resistance Y-wing Microfighter,Star Wars,86.0,9.99,40.0,44.0,transport
Street Sweeper,City,89.0,9.99,48.0,55.0,other
Mail Plane,City,74.0,9.99,52.0,55.0,transport
Satellite Service Mission,City,84.0,9.99,56.0,52.0,other
Forest Fire,City,84.0,9.99,56.0,49.0,other
Jungle Raider,NINJAGO,127.0,9.99,60.0,61.0,other
Unikitty Cloud Car,Unikitty,126.0,9.99,60.0,83.0,transport
My First Race Car,DUPLO,6.0,4.99,9.0,6.0,transport
Ocean Mini-Submarine,City,41.0,9.99,37.0,30.0,other
Olivia's Flower Garden,Friends,92.0,9.99,48.0,61.0,other
Aurora's Royal Carriage,Disney,62.0,9.99,28.0,35.0,other
Lloyd Avatar - Arcade Pod,NINJAGO,48.0,9.99,3.0,28.0,other
Moana's Ocean Adventure,Disney,46.0,9.99,36.0,39.0,other
The Taiga Adventure,Minecraft,74.0,9.99,40.0,48.0,other
Kylo Ren's Shuttle Microfighter,Star Wars,72.0,9.99,40.0,40.0,transport
Thanos Mech,Marvel,152.0,9.99,56.0,62.0,other
Iron Man Mech,Marvel,148.0,9.99,64.0,61.0,other
Spider-Man Mech,Marvel,152.0,9.99,68.0,62.0,other
Propeller Plane,Creator 3-in-1,128.0,9.99,112.0,50.0,transport
Sports Car,Creator 3-in-1,134.0,9.99,120.0,60.0,transport
Batboat The Penguin Pursuit!,Batman,54.0,9.99,44.0,41.0,other
Bricks and Ideas,Classic,123.0,9.99,42.0,59.0,other
Mighty Micros: Scarlet Spider vs. Sandman,Marvel,89.0,9.99,7.0,49.0,other
Farm Animals,DUPLO,16.0,9.99,8.0,13.0,other
My First Mickey Build,Disney,9.0,9.99,10.0,8.0,other
Arctic Exploration Team,City,70.0,9.99,28.0,47.0,other
BigFig Pig with Baby Zombie,Minecraft,159.0,14.99,40.0,47.0,other
Dune Buggy,Creator 3-in-1,147.0,12.99,120.0,65.0,transport
BigFig Creeper and Ocelot,Minecraft,184.0,14.99,48.0,65.0,other
Monster Truck,Creator 3-in-1,163.0,14.99,136.0,54.0,transport
Unikitty's Sweetest Friends EVER!,THE LEGO MOVIE 2,76.0,9.99,36.0,50.0,other
Olivia's Heart Box,Friends,85.0,7.99,32.0,38.0,other
Buggy,Technic,117.0,12.99,48.0,47.0,transport
Chevrolet Camaro ZL1 Race Car,Speed Champions,198.0,14.99,60.0,81.0,transport
McLaren Senna,Speed Champions,219.0,14.99,64.0,92.0,transport
Futuristic Flyer,Creator 3-in-1,157.0,14.99,136.0,65.0,other
Deep Sea Creatures,Creator 3-in-1,230.0,14.99,176.0,83.0,other
Gamora,BrickHeadz,136.0,9.99,48.0,51.0,other
Mini CLAAS XERION,Technic,130.0,12.99,56.0,45.0,other
1974 Porsche 911 Turbo 3.0,Speed Champions,180.0,14.99,80.0,75.0,transport
Sith Troopers Battle Pack,Star Wars,105.0,14.99,40.0,51.0,other
Mandalorian Battle Pack,Star Wars,102.0,14.99,44.0,59.0,other
Playroom,DUPLO,17.0,14.99,2.0,16.0,other
Death Star Cannon,Star Wars,159.0,19.99,80.0,79.0,other
Rainbow Fun,Classic,85.0,4.99,37.0,42.0,other
Han Solo,Star Wars,141.0,9.99,44.0,51.0,other
Arctic Ice Glider,City,50.0,6.99,28.0,30.0,transport
Olaf,LEGO Frozen 2,122.0,14.99,52.0,61.0,other
Spinjitzu Slam - Jay,NINJAGO,72.0,9.99,44.0,37.0,other
Emma's Summer Heart Box,Friends,86.0,7.99,36.0,45.0,other
Rainbow Jewellery Stand,DOTS,213.0,14.99,4.0,42.0,other
Bedroom,DUPLO,16.0,14.99,2.0,16.0,other
Animal Picture Holders,DOTS,423.0,14.99,4.0,54.0,other
Stephanie's Heart Box,Friends,85.0,7.99,32.0,36.0,other
Andrea's Summer Heart Box,Friends,83.0,7.99,36.0,46.0,other
Cole - Dragon Master,NINJAGO,92.0,14.99,48.0,54.0,other
The Samurai Mech,NINJAGO,154.0,14.99,48.0,71.0,other
Introducing Queen Watevra Wa'Nabi,THE LEGO MOVIE 2,115.0,19.99,48.0,82.0,other
Ferrari F40 Competizione,Speed Champions,198.0,14.99,56.0,72.0,transport
Helicopter Adventure,Creator 3-in-1,114.0,9.99,92.0,68.0,transport
Spinjitzu Slam - Lloyd,NINJAGO,70.0,9.99,44.0,34.0,other
Mia's Play Cube - Cinema,Friends,37.0,9.99,5.0,31.0,building
Monastery Training,NINJAGO,122.0,9.99,40.0,65.0,building
Systar Party Crew,THE LEGO MOVIE 2,196.0,19.99,80.0,104.0,other
Party Time,Unikitty,214.0,19.99,80.0,119.0,other
Mulan's Storybook Adventures,Disney,124.0,19.99,3.0,72.0,other
Toy Story Train,Disney,21.0,19.99,8.0,19.0,transport
Creative Suitcase,Classic,213.0,19.99,36.0,89.0,other
Carnival Thrill Coaster,Disney,98.0,19.99,44.0,56.0,other
Expecto Patronum,Harry Potter,121.0,19.99,48.0,55.0,other
Vulture's Trucker Robbery,Marvel,93.0,19.99,48.0,62.0,other
Captain America: Outriders Attack,Marvel,167.0,19.99,52.0,75.0,other
Cole's Dirt Bike,NINJAGO,212.0,19.99,56.0,97.0,transport
The Rise of Voldemort,Harry Potter,184.0,19.99,56.0,102.0,other
Mia's Foal Stable ,Friends,118.0,19.99,64.0,66.0,building
Welcome to the Hidden Side,Hidden Side,189.0,19.99,68.0,103.0,other
The Chicken Coop,Minecraft,198.0,19.99,72.0,90.0,other
The End Battle,Minecraft,222.0,19.99,72.0,91.0,other
Construction Bulldozer,City,126.0,19.99,84.0,81.0,transport
Avengers Speeder Bike Attack,Marvel,226.0,19.99,104.0,97.0,transport
My First Ladybird,DUPLO,6.0,4.99,9.0,5.0,other
My First Car Creations,DUPLO,34.0,19.99,10.0,31.0,transport
Snow Groomer,City,197.0,19.99,60.0,81.0,other
Anna's Canoe Expedition,LEGO Frozen 2,108.0,19.99,64.0,61.0,transport
Diving Yacht,City,148.0,19.99,64.0,81.0,transport
Emmet's Thricycle!,THE LEGO MOVIE 2,174.0,14.99,84.0,100.0,other
Garbage Truck,City,90.0,19.99,40.0,52.0,transport
Anna and Elsa's Storybook Adventures,LEGO Frozen 2,133.0,19.99,3.0,71.0,other
Ariel's Storybook Adventures,Disney,105.0,19.99,3.0,61.0,other
Belle's Storybook Adventures,Disney,111.0,19.99,3.0,71.0,other
Aquaman,BrickHeadz,135.0,9.99,36.0,40.0,other
Mountain Fugitives,City,88.0,9.99,36.0,61.0,other
Jasmine's Petite Tower,Disney,49.0,9.99,24.0,35.0,building
Poppy's Pod,Trolls World Tour,103.0,19.99,68.0,70.0,other
Techno Reef Dance Party,Trolls World Tour,173.0,19.99,72.0,85.0,other
The Zombie Cave,Minecraft,241.0,19.99,84.0,88.0,other
Emma's Play Cube - Toy Store,Friends,49.0,9.99,5.0,42.0,building
Andrea's Heart Box,Friends,84.0,7.99,32.0,38.0,other
Speed Record Car,City,78.0,9.99,40.0,47.0,transport
Jack's Beach Buggy,Hidden Side,170.0,19.99,56.0,98.0,transport
The Wool Farm,Minecraft,260.0,19.99,80.0,81.0,other
Duel on Mustafar ,Star Wars,208.0,19.99,80.0,84.0,other
Rex's Rex-treme Offroader!,THE LEGO MOVIE 2,236.0,29.99,132.0,109.0,other
Rocket Truck,Creator 3-in-1,198.0,19.99,148.0,90.0,transport
Imperial Patrol Battle Pack,Star Wars,99.0,14.99,36.0,43.0,other
The Panda Nursery,Minecraft,204.0,19.99,48.0,76.0,other
Police Pursuit,Technic,120.0,19.99,114.0,39.0,other
Good Morning Sparkle Babies!,THE LEGO MOVIE 2,50.0,9.99,32.0,44.0,other
Unstoppable Bike Chase,Minions,136.0,19.99,60.0,79.0,transport
Ice-Cream Truck,City,200.0,19.99,100.0,112.0,transport
Emma's Heart Box,Friends,85.0,7.99,32.0,38.0,other
Mulan's Training Day,Disney,104.0,14.99,36.0,62.0,other
Elsa and Olaf's Tea Party,DUPLO,17.0,19.99,12.0,13.0,other
Olivia's Play Cube - Researcher,Friends,40.0,9.99,5.0,34.0,other
Mia's Play Cube - Veterinarian,Friends,40.0,9.99,5.0,32.0,other
Emma's Play Cube - Photographer,Friends,36.0,9.99,5.0,31.0,other
Basic Brick Set ,Classic,300.0,19.99,66.0,93.0,other
Underwater Robot,Creator 3-in-1,207.0,19.99,140.0,81.0,other
Sunset Track Racer,Creator 3-in-1,221.0,19.99,144.0,81.0,transport
Andrea's Car & Stage,Friends,240.0,19.99,68.0,116.0,transport
Heart Box,DUPLO,80.0,19.99,2.0,39.0,other
Submarine Adventure,DUPLO,24.0,19.99,8.0,22.0,transport
Fire Truck,DUPLO,21.0,19.99,10.0,16.0,transport
Minnie's Birthday Party,Disney,21.0,19.99,12.0,18.0,other
Train Tracks,DUPLO,23.0,19.99,16.0,9.0,transport
Spinjitzu Zane,NINJAGO,109.0,9.99,32.0,21.0,other
Juice Truck,Friends,103.0,19.99,52.0,75.0,transport
Kai's Fire Dragon,NINJAGO,81.0,19.99,60.0,48.0,other
Safari Off-Roader,City,168.0,19.99,76.0,86.0,other
Heartlake City Hair Salon,Friends,235.0,19.99,84.0,138.0,other
T-16 Skyhopper vs Bantha Microfighters,Star Wars,198.0,19.99,84.0,100.0,other
Kai's Mech Jet,NINJAGO,217.0,19.99,116.0,94.0,transport
Naboo Starfighter Microfighter,Star Wars,62.0,9.99,36.0,42.0,transport
Spinjitzu Slam - Zane,NINJAGO,63.0,9.99,40.0,37.0,other
Stephanie's Play Cube - Baker,Friends,44.0,9.99,5.0,37.0,other
Mia's Heart Box,Friends,83.0,7.99,32.0,38.0,other
Olivia's Play Cube - Sweet Shop,Friends,47.0,9.99,5.0,40.0,building
Desert Rally Racer,City,75.0,9.99,36.0,45.0,transport
Race Truck,Technic,227.0,19.99,35.0,59.0,transport
Hook Loader,Technic,176.0,14.99,104.0,48.0,other
Andrea's Play Cube - Singer,Friends,49.0,9.99,5.0,32.0,other
Rapunzel's Small Tower,Disney,44.0,9.99,24.0,28.0,building
Mia's Forest Adventures ,Friends,134.0,14.99,44.0,77.0,other
Nissan GT-R NISMO,Speed Champions,298.0,19.99,80.0,101.0,transport
Cyborg,BrickHeadz,108.0,9.99,32.0,48.0,other
Cole - Spinjitzu Master,NINJAGO,73.0,9.99,32.0,40.0,other
Zane - Dragon Master,NINJAGO,92.0,14.99,48.0,54.0,other
Extreme Engines,Creator 3-in-1,109.0,9.99,76.0,53.0,other
Mighty Micros: Star-Lord vs. Nebula,Marvel,86.0,9.99,7.0,45.0,other
My First Fun Puzzle,DUPLO,15.0,19.99,9.0,15.0,other
Fire Dragon,Creator 3-in-1,234.0,19.99,132.0,80.0,other
Zane - Spinjitzu Master,NINJAGO,69.0,9.99,32.0,38.0,other
Andrea's Play Cube - Pet Shop,Friends,40.0,9.99,5.0,33.0,building
Bubbles Playground Showdown,Powerpuff Girls,144.0,19.99,48.0,92.0,other
Benny's Space Squad,THE LEGO MOVIE 2,68.0,9.99,32.0,53.0,other
Drone Explorer,Creator 3-in-1,109.0,9.99,80.0,56.0,transport
Lloyd's Journey,NINJAGO,81.0,14.99,36.0,50.0,other
Olivia's Hamster Playground,Friends,81.0,9.99,40.0,52.0,other
Desk Organiser,DOTS,405.0,19.99,4.0,44.0,other
Elsa,BrickHeadz,130.0,9.99,44.0,48.0,other
Snowspeeder,Star Wars,91.0,19.99,56.0,64.0,transport
Hogwarts Room of Requirement,Harry Potter,193.0,19.99,60.0,90.0,other
Dr. Wu's Lab: Baby Dinosaurs Breakout,Jurassic World,164.0,19.99,64.0,100.0,other
Heartlake City Park CafÃ©,Friends,224.0,19.99,72.0,117.0,other
Spider-Man vs. Doc Ock,Marvel,234.0,19.99,72.0,80.0,other
Ferrari F8 Tributo,Speed Champions,275.0,19.99,72.0,92.0,transport
1985 Audi Sport Quattro S1,Speed Champions,250.0,19.99,76.0,102.0,transport
Bricks and Houses,Classic,270.0,19.99,77.0,121.0,other
The Mandalorian & The Child,Star Wars,295.0,19.99,88.0,123.0,other
Emmet and Benny's 'Build and Fix' Workshop!,THE LEGO MOVIE 2,117.0,19.99,48.0,73.0,other
Jewellery Box,DOTS,374.0,19.99,3.0,35.0,other
Pineapple Pencil Holder,DOTS,351.0,19.99,4.0,39.0,other
Duke Caboom's Stunt Show,Disney,120.0,19.99,48.0,62.0,other
Golden Dragon Master,NINJAGO,92.0,14.99,48.0,54.0,other
J.B.'s Submarine,Hidden Side,224.0,19.99,64.0,120.0,transport
Battle-Ready Batman and MetalBeard,Batman,168.0,19.99,64.0,98.0,other
Baby Elephant Jungle Rescue,Friends,203.0,19.99,68.0,111.0,other
Dragster,Technic,225.0,19.99,80.0,68.0,transport
Wrecking Ball,Overwatch,227.0,19.99,84.0,78.0,other
Getaway Truck,Technic,128.0,19.99,110.0,33.0,transport
Kai - Dragon Master,NINJAGO,92.0,14.99,48.0,53.0,other
Rey,Star Wars,119.0,9.99,36.0,50.0,other
Batman vs. The Riddler Robbery,Batman,59.0,9.99,36.0,44.0,other
World Fun,Classic,295.0,19.99,53.0,149.0,other
Baby Animals,DUPLO,9.0,9.99,8.0,9.0,other
Mining Power Splitter,City,127.0,19.99,60.0,85.0,other
Buzz and Bo Peep's Playground Adventure,Disney,139.0,24.99,48.0,85.0,other
Tracer vs. Widowmaker,Overwatch,129.0,14.99,48.0,74.0,other
Spinjitzu Slam - Kai vs. Samurai,NINJAGO,164.0,19.99,76.0,67.0,other
Outrider Dropship Attack,Marvel,124.0,14.99,52.0,63.0,other
Han Solo,Star Wars,101.0,24.99,44.0,55.0,other
Shuttle Transporter,Creator 3-in-1,341.0,24.99,268.0,122.0,transport
Alphabet Truck,DUPLO,36.0,24.99,1.0,35.0,transport
Train Bridge and Tracks,DUPLO,26.0,24.99,16.0,10.0,transport
Mining Team,City,82.0,9.99,32.0,64.0,other
Elsa's Market Adventure,Disney,125.0,19.99,48.0,78.0,building
Drone Chase,City,192.0,29.99,100.0,112.0,transport
Jay - Dragon Master,NINJAGO,92.0,14.99,48.0,53.0,other
Airport,DUPLO,29.0,24.99,20.0,24.0,other
Minecraft Alex BigFig with Chicken,Minecraft,160.0,14.99,40.0,70.0,other
Cherry Picker,Technic,155.0,9.99,40.0,51.0,other
Molten Man Battle,Spider-Man,294.0,29.99,76.0,117.0,other
Spider-Man Car Chase,Marvel,52.0,9.99,36.0,38.0,transport
J.B.'s Ghost Lab,Hidden Side,174.0,19.99,64.0,104.0,building
Hoth Generator Attack,Star Wars,235.0,29.99,68.0,101.0,other
Kylo Ren,Star Wars,130.0,9.99,40.0,50.0,other
Kayak Adventure,City,84.0,9.99,36.0,48.0,transport
Plane,DUPLO,12.0,9.99,10.0,11.0,transport
Airshow Jet,City,87.0,9.99,56.0,53.0,transport
Sith Infiltrator Microfighter,Star Wars,92.0,9.99,40.0,45.0,transport
Star-Lord,BrickHeadz,113.0,9.99,40.0,51.0,other
Dock Side Fire,City,97.0,19.99,48.0,63.0,building
Graveyard Mystery,Hidden Side,335.0,29.99,112.0,160.0,other
Fire Helicopter Response,City,93.0,29.99,44.0,61.0,transport
Hungarian Horntail Triwizard Challenge,Harry Potter,265.0,29.99,52.0,101.0,other
Elsa and the Reindeer Carriage,LEGO Frozen 2,116.0,29.99,72.0,78.0,other
Racing Cars,City,190.0,29.99,84.0,101.0,transport
Ultrakatty & Warrior Lucy!,THE LEGO MOVIE 2,348.0,29.99,92.0,119.0,other
Lonesome Flats Raft Adventure,Trolls World Tour,159.0,29.99,100.0,110.0,other
Cinderella's Castle Celebration,Disney,168.0,29.99,100.0,96.0,building
Wrecked Shrimp Boat,Hidden Side,310.0,29.99,108.0,150.0,transport
Jay and Lloyd's Velocity Racers,NINJAGO,322.0,29.99,148.0,142.0,other
Underwater Loop,Friends,389.0,29.99,76.0,165.0,other
Fire Chief Response Truck,City,201.0,29.99,84.0,98.0,transport
Windows of Creativity,Classic,450.0,29.99,85.0,153.0,other
Rover Testing Drive,City,202.0,29.99,96.0,98.0,other
Shuricopter,NINJAGO,361.0,29.99,100.0,163.0,other
The Blaze Bridge,Minecraft,372.0,29.99,108.0,127.0,other
2018 Dodge Challenger SRT Demon and 1970 Dodge Charger R/T,Speed Champions,478.0,29.99,124.0,159.0,transport
Hanzo vs. Genji,Overwatch,197.0,19.99,60.0,84.0,other
Resistance A-wing Starfighter,Star Wars,269.0,29.99,84.0,112.0,transport
Mia's Organic Food Market,Friends,115.0,19.99,56.0,70.0,building
Poppy's Air Balloon Adventure,Trolls World Tour,250.0,29.99,68.0,121.0,other
Bracelet Mega Pack,DOTS,300.0,24.99,2.0,39.0,other
First Order TIE Fighter Microfighter,Star Wars,91.0,9.99,40.0,47.0,transport
Nya - Spinjitzu Master,NINJAGO,69.0,9.99,32.0,43.0,other
Pteranodon Escape,Juniors,84.0,19.99,56.0,60.0,other
The Pillager Outpost,Minecraft,303.0,29.99,68.0,94.0,other
The Menace of Mysterio,Marvel,163.0,29.99,128.0,97.0,other
Minecraft Skeleton BigFig with Magma Cube,Minecraft,142.0,14.99,40.0,56.0,other
Monster Truck,City,192.0,19.99,76.0,76.0,transport
Brick Box,DUPLO,65.0,29.99,20.0,46.0,other
Police Highway Arrest,City,185.0,29.99,108.0,98.0,other
My First Animal Brick Box,DUPLO,34.0,29.99,9.0,29.0,other
Super Heroes Lab,DUPLO,30.0,29.99,16.0,23.0,building
Gamer's Market,NINJAGO,218.0,29.99,64.0,133.0,building
Nature Glamping,Friends,241.0,29.99,72.0,110.0,other
Empire Dragon,NINJAGO,286.0,29.99,80.0,118.0,other
Olivia's Cupcake Cafe,Friends,335.0,29.99,100.0,185.0,other
Race Boat Transporter,City,238.0,29.99,124.0,123.0,transport
Wild River Escape,City,126.0,19.99,56.0,71.0,other
Service & Care Truck,Friends,247.0,19.99,84.0,123.0,transport
War Machine Buster,Marvel,362.0,34.99,64.0,122.0,other
El Fuego's Stunt Truck,Hidden Side,428.0,39.99,156.0,198.0,transport
Anakin's Jedi Starfighter,Star Wars,247.0,19.99,84.0,111.0,transport
The Golden Dragon,NINJAGO,171.0,19.99,60.0,74.0,other
Tatooine Battle Pack,Star Wars,97.0,14.99,36.0,53.0,other
Obi-Wan's Hut,Star Wars,200.0,29.99,68.0,118.0,other
Mythical Creatures,Creator 3-in-1,223.0,14.99,189.0,66.0,other
Heart Box Friendship Pack,Friends,199.0,19.99,60.0,90.0,other
RV Vacation,Disney,178.0,34.99,72.0,106.0,transport
Mighty Micros: Thor vs. Loki,Marvel,79.0,9.99,7.0,47.0,other
Duel on Starkiller Base,Star Wars,191.0,19.99,68.0,83.0,other
Stephanie's Bedroom,Friends,95.0,9.99,44.0,72.0,other
Race Plane,Creator 3-in-1,333.0,29.99,200.0,134.0,transport
Action Battle Endor Assault,Star Wars,193.0,29.99,64.0,108.0,other
Ski Speeder vs. First Order Walker Microfighters,Star Wars,216.0,19.99,92.0,94.0,transport
Anakin's Podracer Â 20th Anniversary Edition,Star Wars,279.0,29.99,84.0,110.0,transport
Spinjitzu Jay,NINJAGO,97.0,9.99,32.0,23.0,other
Spinjitzu Cole,NINJAGO,117.0,9.99,32.0,26.0,other
Dilophosaurus on the Loose,Jurassic World,168.0,19.99,60.0,88.0,other
Minecraft Steve BigFig with Parrot,Minecraft,159.0,14.99,40.0,74.0,other
Luke Skywalker's Landspeeder,Star Wars,236.0,29.99,72.0,104.0,transport
Jay - Spinjitzu Master,NINJAGO,68.0,9.99,32.0,39.0,other
Spinjitzu Nya & Wu,NINJAGO,227.0,19.99,56.0,49.0,other
Aragog's Lair,Harry Potter,157.0,14.99,56.0,82.0,other
Anakin's Jedi Interceptor,Star Wars,248.0,29.99,68.0,100.0,transport
A-Wing vs. TIE Silencer Microfighters,Star Wars,188.0,19.99,72.0,88.0,other
Velociraptor: Biplane Rescue Mission,Jurassic World,101.0,29.99,76.0,72.0,transport
Forbidden Forest: Umbridge's Encounter,Harry Potter,253.0,29.99,84.0,121.0,other
Spiderjet vs. Venom Mech,Marvel,371.0,29.99,84.0,136.0,other
El Fuego's Stunt Plane,Hidden Side,295.0,29.99,92.0,149.0,transport
Newbury Subway,Hidden Side,348.0,29.99,108.0,146.0,other
Emma's Fashion Shop,Friends,343.0,29.99,112.0,152.0,building
Panda Jungle Tree House,Friends,265.0,29.99,120.0,149.0,building
Formula E Panasonic Jaguar Racing GEN2 Car & Jaguar I-PACE eTROPHY,Speed Champions,565.0,29.99,128.0,186.0,transport
BASH!,Technic,139.0,19.99,127.0,46.0,other
Bakery,DUPLO,46.0,34.99,20.0,33.0,other
Police Station,DUPLO,38.0,29.99,22.0,25.0,building
Kai - Spinjitzu Master,NINJAGO,61.0,9.99,32.0,33.0,other
First Order Specialists Battle Pack,Star Wars,108.0,14.99,36.0,48.0,other
X-wing Starfighter Trench Run,Star Wars,132.0,29.99,64.0,65.0,transport
Supernatural Race Car,Hidden Side,244.0,29.99,80.0,115.0,transport
Spinjitzu Kai,NINJAGO,97.0,9.99,32.0,23.0,other
Ariel's Underwater Concert,Juniors,92.0,14.99,40.0,55.0,other
Emmet and Lucy's Visitors from the DUPLO Planet,THE LEGO MOVIE 2,53.0,29.99,25.0,37.0,other
Ford Fiesta M-Sport WRC,Speed Champions,203.0,14.99,60.0,88.0,transport
Off-Road Chase,City,37.0,6.99,20.0,28.0,other
Queen Watevra's Build Whatever Box!,THE LEGO MOVIE 2,455.0,39.99,262.0,112.0,other
Turtles Rescue Mission,Friends,225.0,19.99,72.0,125.0,other
Parachute Arrest,City,218.0,39.99,120.0,139.0,other
City Advent Calendar,City,234.0,29.99,3.0,161.0,other
Pteranodon Chase,Jurassic World,126.0,19.99,44.0,68.0,other
Dolphins Rescue Mission,Friends,363.0,39.99,116.0,192.0,other
Spider-Man Bike Rescue,Marvel,235.0,19.99,92.0,98.0,transport
People Pack - Fun Fair,City,183.0,39.99,64.0,138.0,other
Elsa's Jewellery Box,LEGO Frozen 2,300.0,39.99,96.0,89.0,other
Ninja Tuner Car,NINJAGO,419.0,39.99,108.0,143.0,transport
Mars Research Shuttle,City,273.0,39.99,160.0,135.0,transport
The Knight Bus,Harry Potter,403.0,39.99,84.0,128.0,transport
Fire Fang,NINJAGO,463.0,39.99,88.0,175.0,other
My First Emotions,DUPLO,28.0,19.99,9.0,24.0,other
Batman: The Attack of the Talons,Batman,155.0,19.99,60.0,82.0,other
Buzz & Woody's Carnival Mania!,Disney,230.0,49.99,52.0,106.0,other
Volcano Rock City Concert,Trolls World Tour,387.0,39.99,120.0,175.0,other
Stephanie's Buggy & Trailer ,Friends,166.0,19.99,48.0,97.0,transport
Road Repair Truck,Juniors,73.0,9.99,32.0,50.0,transport
Heartlake City Supermarket,Friends,140.0,29.99,68.0,90.0,other
Katana V11,NINJAGO,257.0,19.99,84.0,111.0,other
Elastigirl's Rooftop Pursuit,Juniors,95.0,19.99,64.0,77.0,other
Rescue Helicopter,Technic,325.0,39.99,181.0,81.0,transport
Belle's Story Time,Juniors,87.0,14.99,44.0,66.0,other
Thanos,BrickHeadz,105.0,9.99,32.0,37.0,other
Spider-Man vs. Scorpion Street Showdown,Marvel,125.0,19.99,64.0,82.0,other
City Advent Calendar,City,313.0,29.99,4.0,194.0,other
Friends Advent Calendar,Friends,500.0,29.99,4.0,202.0,other
Arctic Ice Crawler,City,200.0,24.99,92.0,80.0,other
Burger Bar Fire Rescue,City,327.0,39.99,164.0,153.0,other
My First Puzzle Pets,DUPLO,18.0,9.99,9.0,16.0,other
1968 Ford Mustang Fastback,Speed Champions,183.0,14.99,60.0,74.0,transport
Elite Praetorian Guard Battle Pack,Star Wars,109.0,14.99,40.0,52.0,other
Wonder Woman vs. Cheetah,DC,371.0,39.99,84.0,130.0,other
Jay's Storm Fighter,NINJAGO,490.0,39.99,140.0,195.0,transport
Forest Tractor,City,174.0,19.99,64.0,77.0,transport
Mia's Horse Trailer,Friends,216.0,29.99,76.0,119.0,transport
Andrea's Bedroom,Friends,85.0,9.99,44.0,60.0,other
Mountain Police Chase,Juniors,115.0,19.99,64.0,85.0,other
Daredevil Stunt Plane,Creator 3-in-1,200.0,19.99,120.0,86.0,transport
Rocket Rally Car,Creator 3-in-1,241.0,19.99,148.0,104.0,transport
Dr. Fox Laboratory,Unikitty,359.0,29.99,132.0,163.0,building
Police Helicopter Chase,City,212.0,39.99,128.0,127.0,transport
Stephanie's Obstacle Course,Friends,337.0,39.99,100.0,168.0,other
Baking Competition,Friends,361.0,39.99,104.0,157.0,other
Golden Mech,NINJAGO,489.0,39.99,108.0,172.0,other
Batman Batsub and the Underwater Clash,Batman,174.0,19.99,64.0,82.0,other
Batmobile: Pursuit of The Joker,Batman,342.0,29.99,80.0,114.0,other
Friends Advent Calendar,Friends,330.0,29.99,2.0,158.0,other
Mojo Jojo Strikes,Powerpuff Girls,228.0,29.99,76.0,149.0,other
Bricks and Gears,Classic,244.0,19.99,124.0,94.0,other
The Skull Arena,Minecraft,198.0,19.99,68.0,68.0,building
Mia's Bedroom,Friends,86.0,9.99,48.0,63.0,other
Han Solo's Landspeeder,Star Wars,345.0,29.99,96.0,126.0,transport
Chewbacca,Star Wars,149.0,9.99,40.0,52.0,other
Farmers' Market,DUPLO,26.0,19.99,9.0,18.0,building
Inferno Squad Battle Pack,Star Wars,118.0,14.99,40.0,52.0,other
Spider-Man: Doc Ock Diamond Heist,Marvel,150.0,29.99,96.0,98.0,other
Batman: Brother Eye Takedown,Batman,269.0,29.99,76.0,103.0,other
Mr. Freeze Batcycle Battle,Batman,200.0,19.99,68.0,97.0,other
Outback Adventures,Creator 3-in-1,225.0,19.99,148.0,103.0,other
Jedi and Clone Troopers Battle Pack,Star Wars,102.0,14.99,32.0,54.0,other
Ferrari 488 GT3 Scuderia Corsa,Speed Champions,179.0,14.99,56.0,78.0,transport
The Bat-Dune Buggy,DC,198.0,19.99,64.0,92.0,transport
Ambulance Helicopter,City,190.0,19.99,84.0,108.0,transport
LEGO Movie Maker,THE LEGO MOVIE 2,482.0,49.99,96.0,243.0,other
Creative Tuning Shop,Friends,413.0,39.99,108.0,217.0,building
Dorado Showdown,Overwatch,419.0,29.99,124.0,168.0,other
Stormtrooper,Star Wars,124.0,9.99,32.0,51.0,other
Spinjitzu Lloyd vs. Garmadon,NINJAGO,208.0,19.99,52.0,44.0,other
Dozer Compactor,Technic,171.0,19.99,100.0,62.0,other
Beauxbatons' Carriage: Arrival at Hogwarts ,Harry Potter,430.0,49.99,84.0,160.0,other
Star Wars Advent Calendar,Star Wars,307.0,39.99,4.0,186.0,other
My First Celebration,DUPLO,41.0,14.99,9.0,18.0,other
Rhino Face-Off by the Mine,Marvel,229.0,19.99,88.0,100.0,other
Iron Man Hulkbuster versus A.I.M. Agent,Marvel,456.0,39.99,80.0,143.0,other
Junkrat & Roadhog,Overwatch,380.0,49.99,92.0,168.0,other
Tiger Hot Air Balloon Jungle Rescue,Friends,302.0,39.99,116.0,145.0,other
Avengers Truck Take-down,Marvel,477.0,39.99,116.0,164.0,transport
Ocean Exploration Submarine,City,286.0,39.99,141.0,131.0,transport
Townhouse Toy Store,Creator 3-in-1,554.0,39.99,268.0,194.0,building
Space Rover Explorer,Creator 3-in-1,510.0,39.99,276.0,206.0,other
Riverside Houseboat,Creator 3-in-1,396.0,39.99,200.0,157.0,other
Iron Man MK50,BrickHeadz,101.0,9.99,32.0,41.0,other
Rebel A-wing Starfighter,Star Wars,62.0,14.99,36.0,44.0,transport
Rapunzel's Castle Bedroom,Disney,156.0,19.99,56.0,93.0,building
Zane's Ninja Boat Pursuit,Juniors,131.0,19.99,64.0,78.0,transport
Stephanie's Gymnastics Show,Friends,241.0,29.99,76.0,114.0,other
The Redstone Battle,Minecraft,504.0,39.99,88.0,133.0,other
Creative Fun,Classic,900.0,39.99,90.0,231.0,other
Catamaran,Technic,404.0,49.99,100.0,74.0,transport
Spider Mech vs. Venom ,Marvel,604.0,49.99,104.0,203.0,other
Pasaana Speeder Chase,Star Wars,373.0,39.99,116.0,177.0,transport
Enchanted Tree House,LEGO Frozen 2,302.0,49.99,120.0,174.0,building
Pop Village Celebration,Trolls World Tour,380.0,49.99,120.0,205.0,other
Haunted Fairground,Hidden Side,466.0,49.99,124.0,212.0,other
Shrimp Shack Attack,Hidden Side,578.0,49.99,128.0,293.0,other
Newbury Abandoned Prison,Hidden Side,400.0,39.99,132.0,164.0,other
1967 Mini Cooper S Rally and 2018 MINI John Cooper Works Buggy,Speed Champions,481.0,49.99,64.0,187.0,transport
Superman & Krypto Team-Up,DC,199.0,19.99,76.0,110.0,other
Black Ace TIE Interceptor,Star Wars,396.0,49.99,84.0,161.0,transport
Andrea's Pool Party,Friends,468.0,49.99,112.0,221.0,other
Garage Centre,City,234.0,49.99,116.0,62.0,building
AT-ST Raider,Star Wars,540.0,49.99,120.0,211.0,transport
Katana 4X4,NINJAGO,450.0,49.99,128.0,185.0,other
Batwing and The Riddler Heist,Batman,489.0,49.99,132.0,212.0,other
Fairground Carousel,Creator 3-in-1,595.0,49.99,236.0,223.0,other
Stephanie's Soccer Practice,Friends,119.0,14.99,48.0,78.0,other
Emma's Art Stand,Friends,210.0,19.99,60.0,107.0,other
Batman and The Joker Escape,Batman,171.0,39.99,72.0,119.0,other
The Hulkbuster Smash-Up,Marvel,375.0,29.99,84.0,143.0,other
Imperial Dropship Â 20th Anniversary Edition,Star Wars,125.0,19.99,60.0,57.0,other
Raptor Rescue Truck,Juniors,85.0,24.99,56.0,56.0,transport
Frozen Ice Castle,Disney,59.0,49.99,28.0,31.0,building
Throne Room Showdown,NINJAGO,221.0,19.99,68.0,111.0,other
Monster Burger Truck,Creator 3-in-1,499.0,49.99,248.0,183.0,transport
WHACK!,Technic,135.0,19.99,123.0,41.0,other
Service Station,City,354.0,49.99,193.0,179.0,building
Anna & Olaf,BrickHeadz,201.0,14.99,56.0,78.0,other
Andrea's Park Performance,Friends,229.0,24.99,80.0,126.0,other
The Flash,DC,122.0,9.99,40.0,47.0,other
Harry Potter Advent Calendar,Harry Potter,305.0,39.99,3.0,151.0,other
Darth Maul,Star Wars,104.0,29.99,52.0,43.0,other
Olivia's Deluxe Bedroom,Friends,163.0,14.99,60.0,100.0,other
Cloud-Rider Swoop Bikes,Star Wars,355.0,29.99,92.0,148.0,other
TIE Fighter Attack,Star Wars,77.0,19.99,40.0,50.0,transport
Brick-built Minions and their Lair,Minions,876.0,49.99,184.0,180.0,other
Escape Pod vs. Dewback Microfighters,Star Wars,177.0,19.99,64.0,79.0,other
Destiny's Wing,NINJAGO,181.0,19.99,76.0,100.0,transport
Mickey's Vacation House,Disney,57.0,49.99,28.0,37.0,building
Fire Station,DUPLO,76.0,49.99,34.0,47.0,building
Jay's Cyber Dragon,NINJAGO,518.0,49.99,84.0,189.0,other
Hydro-Man Attack,Marvel,471.0,39.99,96.0,170.0,other
Power Boat,Technic,174.0,14.99,98.0,56.0,transport
Thunder Raider,NINJAGO,576.0,49.99,148.0,191.0,other
Police Helicopter Transport,City,317.0,49.99,156.0,161.0,transport
The Lighthouse of Darkness,Hidden Side,540.0,49.99,156.0,240.0,building
D.Va & Reinhardt,Overwatch,455.0,39.99,108.0,161.0,other
Pirate Ship,Minecraft,386.0,39.99,116.0,143.0,transport
Shimmer & Shine Sparkle Spa!,THE LEGO MOVIE 2,694.0,69.99,128.0,209.0,other
Modular Sweet Surprises,Creator 3-in-1,396.0,39.99,184.0,187.0,other
The Joker Batcave Attack,Batman,151.0,24.99,76.0,94.0,other
Olivia's Mission Vehicle,Friends,223.0,19.99,84.0,106.0,other
Modular Winter Vacation,Creator 3-in-1,374.0,34.99,200.0,142.0,other
Belle's Tea Party,Disney,19.0,19.99,8.0,16.0,other
Wyld-Mayhem Star Fighter,THE LEGO MOVIE 2,405.0,49.99,132.0,157.0,transport
City Central Airport,Juniors,376.0,49.99,144.0,170.0,other
Spider-Man vs. Electro,Marvel,29.0,19.99,10.0,22.0,other
Star Wars Advent Calendar,Star Wars,280.0,39.99,2.0,177.0,other
Drifting Diner,Friends,345.0,29.99,92.0,182.0,other
Gentle Giants Petting Zoo,Jurassic World,24.0,19.99,13.0,19.0,other
San Francisco,Architecture,565.0,49.99,128.0,163.0,other
Ariel's Castle,Disney,115.0,24.99,56.0,74.0,building
Paranormal Intercept Bus 3000,Hidden Side,689.0,59.99,136.0,272.0,transport
Porsche 919 Hybrid,Speed Champions,163.0,14.99,60.0,75.0,transport
Mickey's Boat,Disney,28.0,29.99,24.0,25.0,transport
Baryonyx Face-Off: The Treasure Hunt,Jurassic World,434.0,59.99,96.0,211.0,other
Avengers Hulk Helicopter Rescue,Marvel,482.0,59.99,100.0,187.0,transport
Iron Man Hall of Armour,Marvel,524.0,59.99,104.0,156.0,building
Hagrid's Hut: Buckbeak's Rescue,Harry Potter,496.0,59.99,120.0,208.0,other
Lighthouse Rescue Centre,Friends,602.0,59.99,180.0,273.0,building
Twin-Rotor Helicopter,Creator 3-in-1,569.0,59.99,228.0,200.0,transport
Action Battle Echo Base Defence,Star Wars,504.0,59.99,112.0,192.0,other
Heartlake City Restaurant,Friends,624.0,59.99,140.0,201.0,other
Lunar Space Station,City,412.0,59.99,172.0,171.0,building
Andrea's Accessories Store,Friends,294.0,29.99,84.0,128.0,building
Triceratops Rampage,Jurassic World,447.0,59.99,112.0,200.0,other
Heartlake City Hospital,Friends,379.0,49.99,132.0,154.0,building
Thor's Weapon Quest,Marvel,223.0,19.99,84.0,112.0,other
Millennium Falcon Microfighter,Star Wars,92.0,9.99,44.0,48.0,transport
Darth Vader,Star Wars,104.0,9.99,40.0,41.0,other
T. rex Tower,Jurassic World,22.0,29.99,14.0,18.0,building
Ahch-To Island Training,Star Wars,241.0,29.99,84.0,129.0,other
Spider-Man's Spider Crawler ,Marvel,418.0,39.99,84.0,132.0,other
Moloch's Landspeeder,Star Wars,464.0,39.99,144.0,163.0,transport
Underminer's Bank Heist,Juniors,149.0,24.99,64.0,99.0,other
Friendship Box,Friends,563.0,49.99,172.0,198.0,other
Paris,Architecture,649.0,49.99,112.0,114.0,other
Emma's Deluxe Bedroom,Friends,183.0,14.99,68.0,105.0,other
Rapunzel's Travelling Caravan,Disney,323.0,39.99,108.0,171.0,other
Belle's Castle Winter Celebration,Disney,238.0,49.99,108.0,146.0,building
Joker's Trike Chase,Batman,440.0,49.99,108.0,181.0,other
Stephanie's Lakeside House,Friends,215.0,34.99,112.0,142.0,building
Gallimimus and Pteranodon Breakout,Jurassic World,391.0,49.99,112.0,170.0,other
Kai's Blade Cycle & Zane's Snowmobile,NINJAGO,376.0,29.99,128.0,189.0,transport
Lamborghini Urus ST-X & HuracÃ¡n Super Trofeo EVO ,Speed Champions,663.0,49.99,144.0,202.0,transport
Beach House,Friends,444.0,49.99,160.0,216.0,building
Deluxe Brick Box,DUPLO,85.0,49.99,28.0,58.0,other
Las Vegas,Architecture,501.0,39.99,108.0,123.0,other
Stunt Show Truck & Bike,Technic,610.0,49.99,120.0,109.0,transport
Chevrolet Corvette ZR1,Technic,579.0,49.99,233.0,105.0,transport
Stygimoloch Breakout,Jurassic World,222.0,29.99,84.0,91.0,other
Ocean's Bottom,Classic,579.0,29.99,57.0,218.0,other
Police Monster Truck Heist,City,362.0,59.99,200.0,198.0,transport
Death Star Escape,Star Wars,329.0,29.99,84.0,110.0,other
Mia's Tree House,Friends,351.0,29.99,120.0,151.0,building
Andrea's Talent Show,Friends,492.0,49.99,124.0,184.0,other
Steam Train,DUPLO,59.0,59.99,48.0,38.0,transport
Boba Fett,Star Wars,625.0,59.99,116.0,172.0,other
Fire Plane,City,363.0,59.99,156.0,151.0,transport
Porsche 911 RSR and 911 Turbo 3.0,Speed Champions,391.0,29.99,120.0,166.0,transport
Peter Venkman & Slimer,BrickHeadz,228.0,19.99,77.0,90.0,other
Harvester Transport,City,358.0,29.99,148.0,166.0,other
Stormtrooper,Star Wars,647.0,59.99,124.0,155.0,other
Resistance Y-wing Starfighter,Star Wars,578.0,69.99,76.0,177.0,transport
Stark Jet and the Drone Attack,Spider-Man,504.0,69.99,96.0,176.0,transport
Hogwarts Whomping Willow,Harry Potter,753.0,69.99,148.0,253.0,other
Major Vonreg's TIE Fighter,Star Wars,496.0,69.99,92.0,151.0,transport
Fire Station,City,509.0,69.99,184.0,210.0,building
Large Playground Brick Box,DUPLO,71.0,49.99,32.0,49.0,other
Tokyo,Architecture,547.0,59.99,96.0,146.0,other
D-O,Star Wars,519.0,69.99,72.0,149.0,other
Dubai,Architecture,740.0,59.99,112.0,127.0,other
Emma's Art Studio,Friends,235.0,24.99,60.0,122.0,building
The Flintstones,Ideas,748.0,59.99,180.0,242.0,other
Lex Luthor Mech Takedown,DC,406.0,39.99,84.0,159.0,other
Pop-Up Party Bus,THE LEGO MOVIE 2,1024.0,79.99,172.0,294.0,transport
The Illager Raid,Minecraft,562.0,59.99,96.0,187.0,other
The Big Race Day,Friends,648.0,59.99,144.0,252.0,other
Avengers Wrath of Loki,Marvel,223.0,59.99,124.0,137.0,other
Central Airport,City,286.0,59.99,169.0,168.0,other
The Great Home Escape,Juniors,178.0,29.99,76.0,123.0,building
Shanghai,Architecture,597.0,59.99,160.0,144.0,other
Tropical Island,DUPLO,73.0,59.99,40.0,44.0,other
Modular Playhouse,DUPLO,129.0,59.99,84.0,56.0,other
Iron Man,Marvel,480.0,59.99,132.0,123.0,other
Phantom Fire Truck 3000,Hidden Side,760.0,59.99,148.0,263.0,transport
Central Perk,Ideas,1070.0,59.99,156.0,366.0,other
Dinosaur Fossils,Ideas,910.0,59.99,169.0,201.0,other
Batman Mech vs. Poison Ivy Mech ,Batman,375.0,39.99,92.0,173.0,other
Mobile Stunt Show,Creator 3-in-1,581.0,49.99,224.0,212.0,transport
The Melon Farm,Minecraft,69.0,14.99,44.0,47.0,other
Mia's House,Friends,715.0,69.99,192.0,274.0,building
Hermione Granger,BrickHeadz,127.0,9.99,40.0,50.0,other
Street Race of Snake Jaguar,NINJAGO,308.0,29.99,112.0,130.0,other
Snoke's Throne Room,Star Wars,492.0,69.99,104.0,166.0,other
Hogwarts Express,Harry Potter,801.0,79.99,124.0,261.0,other
Elsa's Ice Palace,LEGO Frozen 2,701.0,79.99,180.0,234.0,building
Arendelle Castle,LEGO Frozen 2,521.0,79.99,192.0,231.0,building
Yoda's Hut,Star Wars,229.0,29.99,72.0,139.0,other
Dirt Road Pursuit,City,297.0,39.99,116.0,140.0,other
Emmet and Lucy's Escape Buggy!,THE LEGO MOVIE 2,550.0,49.99,124.0,199.0,other
Cruising Adventures,Creator 3-in-1,597.0,59.99,216.0,246.0,other
Royal Talon Fighter Attack,Marvel,358.0,29.99,100.0,119.0,transport
Pickup & Caravan,City,344.0,29.99,140.0,188.0,transport
Arctic Air Transport,City,277.0,39.99,112.0,113.0,other
Bastion,Overwatch,602.0,49.99,116.0,168.0,other
Aladdin's and Jasmine's Palace Adventures,Disney,193.0,29.99,76.0,114.0,building
The Polar Igloo,Minecraft,278.0,29.99,84.0,95.0,other
Watchpoint: Gibraltar,Overwatch,730.0,89.99,192.0,287.0,other
Unikingdom Creative Brick Box,Unikitty,433.0,39.99,172.0,220.0,other
Blue's Helicopter Pursuit,Jurassic World,397.0,39.99,112.0,177.0,transport
Stephanie's Sports Arena,Friends,460.0,44.99,108.0,188.0,building
Ducati Panigale V4 R,Technic,646.0,69.99,128.0,128.0,other
Heavy Cargo Transport,City,310.0,29.99,128.0,161.0,other
Heartlake City Airplane,Friends,574.0,69.99,164.0,238.0,transport
4 Privet Drive,Harry Potter,797.0,69.99,184.0,255.0,other
Friendship Bus,Friends,778.0,69.99,236.0,286.0,transport
Caravan Family Holiday,Creator 3-in-1,766.0,69.99,276.0,328.0,other
People Pack - Outdoor Adventures,City,164.0,39.99,64.0,128.0,other
Tactical Batman & Superman,BrickHeadz,209.0,19.99,69.0,72.0,other
Mining Heavy Driller,City,294.0,49.99,124.0,139.0,other
International Space Station,Ideas,864.0,69.99,128.0,186.0,building
Knights of Ren Transport Ship,Star Wars,595.0,69.99,136.0,182.0,transport
The Crafting Box 3.0,Minecraft,564.0,69.99,180.0,128.0,other
The Nether Portal,Minecraft,470.0,39.99,112.0,146.0,other
T. Rex Breakout,Juniors,150.0,49.99,76.0,98.0,other
Empire Temple of Madness,NINJAGO,810.0,79.99,160.0,267.0,building
Lloyd's Titan Mech,NINJAGO,876.0,79.99,164.0,230.0,other
Monastery of Spinjitzu,NINJAGO,1070.0,79.99,188.0,359.0,building
Mos Eisley Cantina,Star Wars,376.0,39.99,80.0,140.0,other
S.O.G. Headquarters,NINJAGO,530.0,39.99,96.0,246.0,other
First Order AT-ST,Star Wars,370.0,39.99,80.0,157.0,transport
Townhouse Pet Shop & CafÃ©,Creator 3-in-1,969.0,79.99,356.0,289.0,building
Arctic Scout Truck,City,322.0,59.99,100.0,148.0,transport
Spider-Man & Hulk Adventures,DUPLO,38.0,29.99,20.0,29.0,other
General Grievous' Combat Speeder,Star Wars,157.0,29.99,60.0,76.0,transport
Sunshine Surfer Van,Creator 3-in-1,379.0,34.99,184.0,160.0,transport
The Nether Fight,Minecraft,84.0,14.99,40.0,48.0,other
Racing Yacht,Technic,330.0,39.99,156.0,83.0,transport
Trafalgar Square,Architecture,1197.0,79.99,192.0,205.0,other
The Ultra Dragon,NINJAGO,951.0,84.99,160.0,262.0,other
Ariel & Ursula,BrickHeadz,361.0,19.99,121.0,121.0,other
Darth Vader,Star Wars,168.0,39.99,56.0,61.0,other
TRON: Legacy,Ideas,230.0,34.99,68.0,73.0,other
Clone Scout Walker Â 20th Anniversary Edition,Star Wars,250.0,29.99,80.0,109.0,other
General Grievous's Starfighter,Star Wars,487.0,79.99,96.0,139.0,transport
Sith TIE Fighter,Star Wars,470.0,79.99,104.0,127.0,transport
Venomosaurus Ambush,Marvel,640.0,79.99,148.0,242.0,other
The Creeper Mine,Minecraft,834.0,79.99,164.0,206.0,other
Ocean Exploration Base,City,497.0,79.99,165.0,180.0,other
Jungle Rescue Base,Friends,648.0,79.99,176.0,251.0,other
Avengers Ultimate Quinjet,Marvel,840.0,79.99,160.0,252.0,other
Avengers Compound Battle,Marvel,699.0,99.99,168.0,292.0,other
Party Boat,Friends,640.0,79.99,184.0,270.0,transport
Remote-Controlled Stunt Racer,Technic,324.0,99.99,72.0,78.0,transport
Rescue Mission Boat,Friends,908.0,89.99,216.0,376.0,transport
Donut Shop Opening,City,790.0,89.99,320.0,368.0,building
Great Wall of China,Architecture,551.0,49.99,112.0,81.0,other
Ariel's Royal Celebration Boat,Disney,380.0,49.99,108.0,156.0,transport
Mountain Arrest,City,303.0,59.99,136.0,168.0,other
Modular Skate House,Creator 3-in-1,422.0,39.99,196.0,169.0,building
Harry Potter & Hedwig,BrickHeadz,180.0,14.99,60.0,73.0,other
Farm Pony Stable,DUPLO,59.0,29.99,25.0,31.0,building
First Responder,Technic,513.0,49.99,212.0,106.0,other
Air Base,City,529.0,89.99,260.0,270.0,other
Emma's Art CafÃ©,Friends,378.0,32.99,112.0,166.0,other
Emmet's Dream House/Rescue Rocket!,THE LEGO MOVIE 2,706.0,69.99,260.0,197.0,other
Diamond Heist,City,400.0,59.99,160.0,191.0,other
AT-AP Walker,Star Wars,689.0,59.99,140.0,214.0,other
Pop-Up Book,Ideas,859.0,69.99,164.0,211.0,other
Snowspeeder Â 20th Anniversary Edition,Star Wars,309.0,39.99,116.0,159.0,transport
Go Brick Me,BrickHeadz,708.0,29.99,84.0,160.0,other
Poe Dameron's X-wing Fighter,Star Wars,761.0,89.99,124.0,219.0,transport
T. rex vs Dino-Mech Battle,Jurassic World,716.0,89.99,176.0,254.0,other
Hogwarts Clock Tower,Harry Potter,922.0,89.99,176.0,276.0,building
Mission to Mars,Classic,871.0,59.99,81.0,330.0,other
Avengers Tower Battle,Marvel,685.0,89.99,136.0,250.0,building
Mobile Bat Base,DC,743.0,89.99,140.0,275.0,transport
Fiat 500,Creator Expert,960.0,89.99,144.0,269.0,other
Steamboat Willie,Ideas,751.0,89.99,176.0,202.0,other
Yoda,Star Wars,1771.0,99.99,224.0,235.0,other
Castle of the Forsaken Emperor,NINJAGO,1218.0,99.99,248.0,361.0,building
Deep Space Rocket and Launch Control,City,837.0,99.99,304.0,308.0,transport
Downtown Fire Brigade,City,943.0,99.99,414.0,400.0,other
Thanos: Ultimate Battle,Marvel,674.0,69.99,116.0,190.0,other
Queen Watevra's ÂSo-Not-Evil' Space Palace,THE LEGO MOVIE 2,997.0,99.99,212.0,275.0,building
Stormbringer,NINJAGO,493.0,39.99,108.0,182.0,other
"Ariel, Aurora, and Tiana's Royal Celebration",Disney,282.0,39.99,108.0,131.0,other
Oni Titan,NINJAGO,522.0,49.99,96.0,183.0,other
Boba Fett,Star Wars,144.0,29.99,48.0,67.0,other
Cole's Earth Driller ,NINJAGO,587.0,49.99,132.0,216.0,other
World Animals,DUPLO,121.0,99.99,48.0,75.0,other
Statue of Liberty,Architecture,1685.0,119.99,184.0,146.0,other
Rapunzel's Tower,DUPLO,37.0,29.99,24.0,26.0,building
NASA Apollo 11 Lunar Lander,Creator Expert,1087.0,99.99,124.0,193.0,other
Harley-Davidson Fat Boy,Creator Expert,1023.0,99.99,156.0,300.0,other
Batcave Clayface Invasion,Batman,1038.0,99.99,168.0,333.0,other
The White House,Architecture,1483.0,99.99,188.0,180.0,building
Dom's Dodge Charger,Technic,1077.0,99.99,236.0,172.0,transport
Passenger Airplane,City,669.0,99.99,273.0,288.0,transport
Summer Fun Water Park,Friends,1001.0,99.99,316.0,394.0,other
Pirate Ship,Creator 3-in-1,1264.0,99.99,428.0,359.0,transport
Range Trooper,Star Wars,101.0,24.99,48.0,51.0,other
Sweet Mayhem's Systar Starship!,THE LEGO MOVIE 2,502.0,69.99,100.0,188.0,transport
Indominus rex vs. Ankylosaurus,Jurassic World,537.0,99.99,112.0,216.0,other
Crocodile Locomotive,Creator Expert,1271.0,99.99,132.0,212.0,other
Hogwarts Astronomy Tower,Harry Potter,971.0,99.99,172.0,310.0,building
Hogwarts Great Hall,Harry Potter,878.0,99.99,184.0,284.0,building
Gingerbread House,Creator Expert,1477.0,99.99,196.0,321.0,building
Rex's Rexplorer!,THE LEGO MOVIE 2,1187.0,119.99,208.0,299.0,other
Mobile Crane,Technic,1292.0,99.99,272.0,144.0,transport
Mystery Castle,Hidden Side,1035.0,99.99,296.0,335.0,building
Police Station,City,743.0,99.99,345.0,298.0,building
Tuning Workshop,City,897.0,99.99,389.0,411.0,building
Ghost Train Express,Hidden Side,698.0,79.99,136.0,268.0,transport
Defense of Crait,Star Wars,746.0,84.99,144.0,289.0,other
Imperial AT-Hauler,Star Wars,829.0,99.99,148.0,206.0,other
Arctic Supply Plane,City,707.0,79.99,132.0,239.0,transport
Ninja Nightcrawler,NINJAGO,552.0,39.99,124.0,205.0,other
T. Rex Transport,Jurassic World,609.0,69.99,156.0,174.0,other
Empire State Building,Architecture,1767.0,129.99,140.0,128.0,building
Imperial Conveyex Transport,Star Wars,622.0,89.99,120.0,187.0,other
Land Bounty,NINJAGO,1178.0,129.99,252.0,400.0,other
Heartlake City Amusement Pier,Friends,1251.0,129.99,316.0,433.0,building
Speed Force Freeze Pursuit,DC,271.0,29.99,80.0,138.0,other
Avengers Helicarrier,Marvel,1244.0,119.99,220.0,355.0,other
Slave I - 20th Anniversary Edition,Star Wars,1007.0,119.99,164.0,293.0,other
Firstbourne,NINJAGO,882.0,69.99,172.0,337.0,other
Corvus Glaive Thresher Attack,Marvel,416.0,39.99,124.0,168.0,other
Heavy Duty Forklift,Technic,592.0,69.99,232.0,109.0,transport
Porsche 911 RSR,Technic,1580.0,149.99,296.0,178.0,transport
Cargo Train,DUPLO,105.0,119.99,64.0,68.0,transport
Hovercraft,Technic,1020.0,89.99,349.0,139.0,transport
App-Controlled Top Gear Rally Car,Powered UP,463.0,129.99,120.0,93.0,transport
Kylo Ren's Shuttle,Star Wars,1005.0,129.99,184.0,271.0,transport
Darth Vader's Castle,Star Wars,1060.0,129.99,188.0,285.0,building
Ferrari Ultimate Garage,Speed Champions,841.0,99.99,200.0,309.0,transport
Newbury Haunted High School,Hidden Side,1474.0,129.99,308.0,482.0,building
Porg,Star Wars,811.0,69.99,144.0,189.0,other
Tracked Loader,Technic,827.0,79.99,140.0,128.0,other
Passenger Train,City,677.0,159.99,230.0,165.0,transport
Rocket Assembly &Transport,City,1055.0,149.99,340.0,364.0,transport
Carnotaurus Gyrosphere Escape,Jurassic World,577.0,79.99,140.0,226.0,other
Sleeping Beauty's Fairytale Castle,Disney,322.0,39.99,84.0,171.0,building
App-Controlled Batmobile,DC,321.0,99.99,108.0,114.0,other
The Skeleton Attack,Minecraft,457.0,39.99,100.0,136.0,other
Mia's Camper Van,Friends,488.0,54.99,116.0,222.0,transport
Mountain Police Headquarters,City,663.0,89.99,272.0,324.0,other
Droid Gunship,Star Wars,389.0,49.99,84.0,150.0,other
Ford Mustang,Creator Expert,1471.0,149.99,212.0,358.0,transport
Ocean Exploration Ship,City,745.0,149.99,229.0,314.0,transport
The Bat-Space Shuttle,DC,643.0,79.99,124.0,239.0,transport
Ship in a Bottle,Ideas,962.0,69.99,156.0,124.0,transport
Arctic Mobile Exploration Base,City,786.0,119.99,236.0,255.0,transport
Forest Harvester,Technic,1003.0,149.99,388.0,157.0,other
Cinderella's Dream Castle,Disney,585.0,69.99,132.0,218.0,building
Millennium Falcon,Star Wars,1353.0,159.99,268.0,352.0,other
Killow vs. Samurai X,NINJAGO,556.0,49.99,128.0,220.0,other
Heartlake City Pet Centre,Friends,474.0,59.99,108.0,234.0,other
Rally Car,Technic,1005.0,109.99,364.0,152.0,transport
The Bedrock Adventures,Minecraft,644.0,89.99,108.0,168.0,other
X-wing Starfighter,Star Wars,730.0,79.99,120.0,224.0,transport
Compact Crawler Crane,Technic,920.0,99.99,344.0,102.0,transport
Pirate Roller Coaster,Creator 3-in-1,923.0,89.99,324.0,277.0,other
Imperial Landing Craft,Star Wars,636.0,89.99,108.0,191.0,other
Volvo Concept Wheel Loader ZEUX,Technic,1167.0,139.99,504.0,143.0,other
Land Rover Defender,Technic,2573.0,199.99,496.0,262.0,other
Car Transporter,Technic,2493.0,179.99,961.0,190.0,transport
Bookshop,Creator Expert,2504.0,179.99,216.0,561.0,other
Cargo Train,City,1227.0,229.99,362.0,410.0,transport
Friendship House,Friends,722.0,69.99,164.0,309.0,building
Vestas Wind Turbine,Creator Expert,826.0,199.99,148.0,230.0,other
The Hulkbuster: Ultron Edition,Marvel,1363.0,119.99,184.0,268.0,other
Dragon Pit,NINJAGO,1660.0,129.99,244.0,424.0,other
Sanctum Sanctorum Showdown,Marvel,1004.0,99.99,220.0,312.0,other
Droid Commander,Star Wars,1177.0,199.99,25.0,343.0,other
The Farm Cottage ,Minecraft,549.0,49.99,116.0,157.0,building
The Upside Down,Stranger Things,2287.0,199.99,300.0,533.0,other
Corner Garage,Creator Expert,2569.0,199.99,236.0,564.0,building
Tantive IV,Star Wars,1768.0,199.99,260.0,387.0,other
A-wing Starfighter,Star Wars,1673.0,199.99,272.0,355.0,transport
Pirates of Barracuda Bay,Ideas,2545.0,199.99,460.0,575.0,other
Imperial TIE Fighter,Star Wars,519.0,69.99,76.0,129.0,transport
Indoraptor Rampage at Lockwood Estate,Jurassic World,1019.0,129.99,176.0,257.0,other
City Hospital,City,861.0,99.99,329.0,362.0,building
Dieselnaut,NINJAGO,1179.0,109.99,156.0,308.0,other
Sandcrawler,Star Wars,1239.0,139.99,188.0,277.0,other
4x4 X-Treme Off-Roader,Powered UP,958.0,249.99,224.0,131.0,other
The Rexcelsior!,THE LEGO MOVIE 2,1826.0,149.99,276.0,377.0,other
Heartlake City Resort,Friends,1017.0,99.99,208.0,326.0,building
AT-AT,Star Wars,1267.0,159.99,188.0,285.0,transport
Mining Experts Site,City,883.0,99.99,244.0,284.0,other
Capital City,City,1211.0,149.99,441.0,489.0,other
6x6 Volvo Articulated Hauler,Technic,2193.0,249.99,456.0,234.0,other
Downtown Diner,Creator Expert,2480.0,169.99,200.0,508.0,other
Kessel Run Millennium Falcon,Star Wars,1414.0,169.99,208.0,318.0,other
Temple of Resurrection,NINJAGO,765.0,69.99,144.0,297.0,building
Rough Terrain Crane,Technic,4057.0,299.99,1527.0,262.0,transport
Old Trafford - Manchester United,Creator Expert,3898.0,299.99,368.0,332.0,building
Farm Adventures,DUPLO,104.0,59.99,40.0,42.0,other
Mack Anthem,Technic,2595.0,179.99,897.0,253.0,other
Bugatti Chiron,Technic,3599.0,349.99,633.0,306.0,transport
Roller Coaster,Creator Expert,4124.0,379.99,440.0,556.0,other
Voltron,Ideas,2321.0,179.99,92.0,471.0,other
Hogwarts Castle,Harry Potter,6020.0,399.99,636.0,624.0,building
NINJAGO City Docks,NINJAGO,3553.0,229.99,380.0,690.0,other
Liebherr R 9800,Powered UP,4108.0,449.99,740.0,221.0,other
Betrayal at Cloud City,Star Wars,2812.0,349.99,388.0,676.0,other
Imperial Star Destroyer,Star Wars,4784.0,699.99,444.0,445.0,other
Battle of Endor,Star Wars,197.0,14.99,1.0,40.0,other
Mini Frame,DOTS,85.0,4.99,2.0,13.0,other
Creative Picture Frames,DOTS,398.0,19.99,2.0,31.0,other
Monkie Kid's Delivery Bike,Monkie Kid,22.0,4.99,3.0,18.0,transport
Road Worker,City,58.0,3.99,3.0,33.0,other
Police Water Plane,City,48.0,3.99,3.0,36.0,transport
Arctic Ice Saw,City,43.0,3.99,3.0,34.0,other
Space Satellite,City,36.0,3.99,3.0,24.0,other
Beach Buggy,City,45.0,4.99,3.0,29.0,transport
Baby Velociraptor Playpen,Jurassic World,48.0,3.99,3.0,25.0,other
Olivia's Remote Control Boat,Friends,25.0,3.99,3.0,23.0,transport
Unikitty Roller Coaster Wagon,Unikitty,46.0,3.99,3.0,28.0,transport
Chocolate Box & Flower,Friends,75.0,4.99,3.0,32.0,other
Royal Talon Fighter,Marvel,59.0,3.99,3.0,25.0,transport
Rex's Plantimal Ambush,THE LEGO MOVIE 2,32.0,3.99,3.0,23.0,other
The Guardians' Ship,Marvel,69.0,3.99,3.0,36.0,transport
Poppy's Carriage,Trolls World Tour,51.0,4.99,3.0,30.0,other
DJ,Star Wars,22.0,4.99,3.0,15.0,other
Traffic Lights,Xtra,46.0,3.99,3.0,17.0,other
Streetlamps,Xtra,34.0,3.99,3.0,24.0,other
Ninjago Minifigure Pack,NINJAGO,59.0,12.99,3.0,33.0,other
Spider-Man and the Museum Break-In,Marvel,49.0,14.99,3.0,33.0,building
Summer Celebration Minifigure Pack,Minifigures,45.0,12.99,3.0,35.0,other
Police MF Accessory Set,Minifigures,42.0,12.99,3.0,33.0,other
Fairground Accessory Set,Minifigures,51.0,12.99,3.0,35.0,other
Sports Accessories,Xtra,36.0,3.99,3.0,20.0,other
Botanical Accessories,Xtra,32.0,3.99,3.0,17.0,other
Falcon & Black Widow Team-Up,Marvel,60.0,14.99,3.0,34.0,other
Spinjitzu Burst - Cole,NINJAGO,48.0,9.99,3.0,31.0,other
Spinjitzu Burst Lloyd,NINJAGO,48.0,9.99,3.0,30.0,other
Golden Zane Accessory Set ,NINJAGO,73.0,12.99,5.0,31.0,other
Stephanie's Play Cube - Beauty Salon,Friends,44.0,9.99,5.0,35.0,other
Andrea's Jungle Play Cube,Friends,47.0,9.99,5.0,43.0,other
Stephanie's Jungle Play Cube,Friends,41.0,9.99,5.0,38.0,other
Olivia's Jungle Play Cube,Friends,51.0,9.99,5.0,42.0,other
Mia's Jungle Play Cube,Friends,43.0,9.99,5.0,36.0,other
Obi-Wan Kenobi - Collectable Minifigure,Star Wars,12.0,3.99,6.0,10.0,other
My First Dinosaur,DUPLO,7.0,3.49,7.0,6.0,other
Hogwarts Students Accessory Set,Harry Potter,53.0,14.99,9.0,33.0,other
My First Balancing Animals,DUPLO,15.0,14.99,9.0,14.0,other
Bulldozer,DUPLO,10.0,9.99,12.0,10.0,transport
Creative Fun,DUPLO,120.0,39.99,13.0,70.0,other
Truck & Tracked Excavator,DUPLO,20.0,19.99,16.0,19.0,transport
Batcave,Batman,33.0,29.99,20.0,25.0,other
Ariel's Undersea Castle,Disney,35.0,29.99,20.0,27.0,building
Creative Animals,DUPLO,175.0,59.99,20.0,89.0,other
Cute Pug,Creator 3-in-1,68.0,3.99,28.0,32.0,other
Wrecking Ball Demolition,DUPLO,56.0,59.99,32.0,41.0,other
Thanksgiving Turkey,BrickHeadz,114.0,9.99,32.0,48.0,other
Lightning McQueen's Race Day,Disney,42.0,29.99,36.0,32.0,other
Donald Duck,Disney,90.0,9.99,36.0,42.0,other
Emma's Pet Party,Friends,67.0,9.99,36.0,50.0,other
Wonder Woman,BrickHeadz,143.0,9.99,40.0,54.0,other
Easter Chick,BrickHeadz,120.0,9.99,44.0,50.0,other
Olaf's Traveling Sleigh,Disney,97.0,12.99,44.0,52.0,other
Valentine's Bear,BrickHeadz,150.0,9.99,44.0,65.0,other
Lucky Cat,BrickHeadz,134.0,9.99,44.0,71.0,other
Birthday Clown,BrickHeadz,150.0,9.99,48.0,77.0,other
Valentine's Puppy,BrickHeadz,147.0,9.99,48.0,60.0,other
Dragon Dance Guy,BrickHeadz,170.0,9.99,48.0,72.0,other
Lady Liberty,BrickHeadz,153.0,9.99,48.0,43.0,other
Easter Sheep,BrickHeadz,192.0,9.99,48.0,57.0,other
Wedding Bride,BrickHeadz,306.0,12.99,48.0,101.0,other
Wedding Groom,BrickHeadz,255.0,12.99,48.0,107.0,other
Fun Future,Classic,186.0,9.99,49.0,95.0,other
Tower Crane & Construction,DUPLO,123.0,129.99,56.0,72.0,building
Lucy's Builder Box!,THE LEGO MOVIE 2,141.0,29.99,56.0,71.0,other
Emmet's Builder Box!,THE LEGO MOVIE 2,125.0,29.99,56.0,76.0,other
Quantum Realm Explorers,Marvel,200.0,19.99,64.0,100.0,other
Moana's Island Home,Disney,202.0,29.99,68.0,121.0,building
People Pack - Space Research and Development,City,209.0,39.99,68.0,146.0,other
Wu's Battle Dragon,NINJAGO,321.0,19.99,68.0,109.0,other
Iron Man Armory,Marvel,258.0,29.99,68.0,110.0,other
Bricks Bricks Bricks,Classic,1500.0,59.99,69.0,327.0,other
Marty McFly & Doc Brown,BrickHeadz,240.0,19.99,69.0,73.0,other
Diagon Alley,Harry Potter,374.0,19.99,72.0,116.0,other
Dilophosaurus Outpost Attack,Jurassic World,289.0,39.99,72.0,124.0,other
Ron Weasley & Albus Dumbledore,BrickHeadz,245.0,19.99,73.0,82.0,other
Battle of Hoth - 20th Anniversary Edition,Star Wars,195.0,14.99,76.0,77.0,other
Goofy & Pluto,Disney,214.0,14.99,76.0,94.0,other
Mulan's Training Grounds,Disney,157.0,29.99,76.0,94.0,other
Funny Octopus Ride,Friends,324.0,39.99,76.0,145.0,other
Kylo Ren & Sith Trooper,Star Wars,240.0,19.99,76.0,72.0,other
Owen & Blue,BrickHeadz,234.0,19.99,77.0,82.0,other
Black Widow's Helicopter Chase,Marvel,271.0,29.99,80.0,125.0,transport
Venom Crawler,Marvel,413.0,29.99,80.0,132.0,other
Armored Assault Tank (AAT),Star Wars,286.0,39.99,80.0,121.0,other
Captain Marvel and The Skrull Attack,Marvel,307.0,29.99,80.0,126.0,other
Mr. & Mrs. Claus,BrickHeadz,341.0,19.99,84.0,109.0,other
Death Star II Battle,Star Wars,235.0,14.99,84.0,72.0,other
501st Legion Clone Troopers,Star Wars,285.0,29.99,84.0,125.0,other
Hoth Medical Chamber,Star Wars,255.0,29.99,84.0,120.0,other
Sandspeeder,Star Wars,278.0,29.99,84.0,110.0,other
Bricks and Eyes ,Classic,451.0,29.99,88.0,171.0,other
Stephanie's House,Friends,170.0,39.99,92.0,116.0,building
Emmet's Triple-Decker Couch Mech,THE LEGO MOVIE 2,312.0,29.99,92.0,98.0,other
Journey to the Skull Dungeons,NINJAGO,401.0,29.99,92.0,164.0,other
Bespin Duel,Star Wars,295.0,39.99,96.0,121.0,other
White Dragon Horse Bike,Monkie Kid,259.0,34.99,96.0,134.0,transport
"Reindeer, Elf and Elfie",BrickHeadz,281.0,19.99,97.0,116.0,other
Storm Fighter Battle,NINJAGO,165.0,29.99,100.0,96.0,transport
Bricks and Animals,Classic,1500.0,59.99,101.0,339.0,other
Spinning Brushes Car Wash,Friends,325.0,29.99,108.0,174.0,transport
Air Race,City,140.0,39.99,108.0,84.0,other
Bricks and Lights,Classic,441.0,29.99,109.0,173.0,other
Quidditch Match,Harry Potter,500.0,39.99,112.0,205.0,other
Iron Bull Tank,Monkie Kid,430.0,49.99,124.0,160.0,other
Rainbow Caterbus,Trolls World Tour,395.0,39.99,132.0,170.0,other
Kai Fighter,NINJAGO,513.0,39.99,132.0,174.0,transport
Jurassic Park Velociraptor Chase ,Jurassic World,360.0,39.99,132.0,195.0,other
Winter Village Fire Station,Creator Expert,1166.0,99.99,136.0,323.0,building
Fire Stone Mech,NINJAGO,968.0,69.99,136.0,260.0,other
Death Star Final Duel,Star Wars,775.0,99.99,140.0,241.0,other
Resistance I-TS Transport,Star Wars,932.0,99.99,140.0,215.0,other
Bricks Bricks Plates,Classic,1504.0,69.99,144.0,332.0,other
TIE Fighter Pilot,Star Wars,724.0,59.99,148.0,155.0,transport
Hedwig,Harry Potter,630.0,39.99,148.0,166.0,other
Tree House Treasures ,Creator 3-in-1,260.0,29.99,152.0,119.0,building
Monkie Kid's Cloud Jet,Monkie Kid,390.0,59.99,168.0,199.0,transport
Zane's Mino Creature,NINJAGO,616.0,49.99,172.0,202.0,other
James Bond Aston Martin DB5,Creator Expert,1295.0,149.99,173.0,310.0,other
Attack on The Burrow,Harry Potter,1047.0,99.99,180.0,383.0,other
Police Brick Box,City,301.0,39.99,188.0,162.0,other
Outback Cabin,Creator 3-in-1,305.0,29.99,196.0,141.0,other
Demon Bull King,Monkie Kid,585.0,89.99,200.0,264.0,other
Skull Sorcerer's Dragon,NINJAGO,1016.0,79.99,200.0,303.0,other
Vibe City Concert,Trolls World Tour,494.0,59.99,204.0,216.0,other
Alpaca Mountain Jungle Rescue,Friends,512.0,59.99,208.0,270.0,other
Pigsy's Food Truck,Monkie Kid,455.0,69.99,212.0,299.0,transport
Concrete Mixer Truck,Technic,1163.0,119.99,216.0,127.0,transport
Heartlake City Brick Box,Friends,321.0,39.99,220.0,121.0,other
Y-wing Starfighter,Star Wars,1967.0,199.99,220.0,359.0,transport
Mickey Mouse and Minnie Mouse,Disney,1739.0,179.99,236.0,420.0,other
Red Son's Inferno Truck,Monkie Kid,1111.0,119.99,244.0,350.0,transport
Skull Sorcerer's Dungeons,NINJAGO,1171.0,99.99,256.0,425.0,other
Monkey King Warrior Mech,Monkie Kid,975.0,149.99,272.0,435.0,other
Haunted House,Creator Expert,3231.0,249.99,312.0,467.0,building
Destiny's Bounty,NINJAGO,1781.0,129.99,316.0,479.0,other
Ski Resort,City,806.0,89.99,328.0,348.0,building
Disney Train and Station,Powered UP,2925.0,329.99,397.0,509.0,transport
1989 Batmobile,Batman,3306.0,249.99,404.0,484.0,other
Tree House,Ideas,3036.0,199.99,428.0,482.0,building
Welcome to Apocalypseburg!,THE LEGO MOVIE 2,3178.0,299.99,452.0,692.0,other
Jurassic Park: T. rex Rampage,Jurassic World,3120.0,249.99,464.0,525.0,other
Monkie Kid's Team Secret HQ,Monkie Kid,1105.0,169.99,556.0,622.0,building
Grand Piano,Ideas,3662.0,349.99,564.0,345.0,other
Lamborghini SiÃ¡n FKP 37,Technic,3696.0,379.99,657.0,293.0,transport
